{
    "model": {
        "type": "range_dispatch",
        "property": "custom_model_data",
        "fallback": {
            "type": "model",
            "model": "minecraft:item/lime_dye"
        },
        "entries": [
            {
                "threshold": 2,
                "model": {
                    "type": "model",
                    "model": "custom/playershow"
                }
            },
            {
                "threshold": 3,
                "model": {
                    "type": "model",
                    "model": "custom/playerhide"
                }
            },
            {
                "threshold": 4,
                "model": {
                    "type": "model",
                    "model": "custom/game_selector"
                }
            }
        ]
    }
}