{
	"parent": "minecraft:item/handheld",
	"textures": {
		"layer0": "item/netherite_sword"
	},
	"overrides": [
		{"predicate": {"custom_model_data":2}, "model":"custom/items/customskin/swords/2"},
		{"predicate": {"custom_model_data":3}, "model":"custom/items/customskin/swords/3"},
		{"predicate": {"custom_model_data":4}, "model":"custom/items/customskin/swords/4"},
		{"predicate": {"custom_model_data":5}, "model":"custom/items/customskin/swords/5"},
		{"predicate": {"custom_model_data":6}, "model":"custom/items/customskin/swords/6"}
		
	]
}